noun_id,winner_address,winning_bid_eth
0,0x2573c60a6d127755aa2dc85e342f7da2378a0cc5,0.0
1,0x2536c09e5f5691498805884fa37811be3b2bddb4,613.37
3,0xeb1c22baacafac7836f20f684c946228401ff01c,36.69
4,0x68f9d801c96ac6ccf562f3600cef77c4504449b6,45.0
5,0xf0ccf93438aebc3065cef29e013fc5f4835c4780,50.0
6,0x2124bf73abd9a1a8d2d23633ccc28972da90c20d,85.0
7,0xca6caedcc79d4d6541b3f82dc7754a14d9b196f8,125.0
8,0x54be3a794282c030b15e43ae2bb182e14c409c5e,95.0
9,0x0c9e1b96ac2c254d099e160edfcd015d6442db86,155.0
10,0x2573c60a6d127755aa2dc85e342f7da2378a0cc5,0.0
12,0x008c84421da5527f462886cec43d2717b686a7e4,126.48
13,0x912a526852527dfb5d44c22a15b708aa493cda6b,128.13
14,0x1254958bd5073c6b238e516298f0c48f6f60a78e,144.44
15,0x2536c09e5f5691498805884fa37811be3b2bddb4,118.0
16,0xa58899bbc983781d47c7dd5a6b8aeef53cd34bbc,168.88
17,0xd049b3064990869c9f73bd7896271d83325d2067,140.0
18,0xc3b80922832450aabafe6aae8a6aaf1e5e6158ea,175.18
19,0xed345b69b68086d2dfca17fc87e0e8909b858dd3,138.72
20,0x2573c60a6d127755aa2dc85e342f7da2378a0cc5,0.0
21,0xaee8c60ff7e8947ad514c4310e0f2e203194c33f,200.0
22,0xbb34b41d5615c44e2cae4f80a447feb02b636b66,170.69
23,0x9646e0f7544b8ee3649e7ac77eef0cf5b53b748a,198.0
24,0x180e0db5c0c3204520a96c6d77c94402b5001241,194.0
25,0x32dd0756316b31d731aa6ae0f60b9b560e0ed92c,195.0
27,0x33daf8e90cd1f214cc25a1865649e847254f2ece,245.0
28,0xca04e939a0ac0626c4a4299735e353e8dc5ef3ec,180.0
29,0xd049b3064990869c9f73bd7896271d83325d2067,180.0
30,0x2573c60a6d127755aa2dc85e342f7da2378a0cc5,0.0
31,0xb6c5b1a489606028da263eda28063186f96fa921,140.0
32,0x6f9e3976fa3b5b22761fe5d635e1f0d9d9aeb85d,150.69
36,0x17beaa158e68ff9225b4c85151831c7a0d8f258d,200.0
39,0x9e3421274fb4053a83917d62bd368332e9e71fe0,170.0
40,0x2573c60a6d127755aa2dc85e342f7da2378a0cc5,0.0
41,0x26648e3f7c7b12e55f6637f4bb5bd75314af943a,144.44
43,0xd049b3064990869c9f73bd7896271d83325d2067,148.0
44,0xa8b4367f09e63a5234abd14f5ef6868b1aed0e7d,130.56
45,0xa8b4367f09e63a5234abd14f5ef6868b1aed0e7d,155.0
50,0x2573c60a6d127755aa2dc85e342f7da2378a0cc5,0.0
51,0xa387c87102fc0b51939d0cf9a86f7edd05291d5c,140.5
52,0x6c0cf880cb20eefabfb09341fba9e2bd29ad3dfa,125.0
53,0x4d9b5696a8afed6b65f92b1b86ccf90c7561ae56,165.12
54,0xa5960ad956acbb8addebdc29e5bee014f201d8bd,131.31
56,0x2e5ccffbae934a9cb7e061fca7af01946e4e550e,100.0
57,0x3509e511e9a40714b5d40348ace1e88ecf32e5a5,101.69
58,0xa8b4367f09e63a5234abd14f5ef6868b1aed0e7d,158.0
59,0xf3d5e8f1cb8cc717661d6a8e692b60cdd1b45ca2,115.0
60,0x2573c60a6d127755aa2dc85e342f7da2378a0cc5,0.0
61,0x37b45293aaf561a2cdf9e260bf984b643dd3699a,120.0
62,0x696ed7b26f4b019ceec78dc8b9140ad64a6f354b,140.0
63,0x020ca66c30bec2c4fe3861a94e4db4a498a35872,160.0
64,0x020ca66c30bec2c4fe3861a94e4db4a498a35872,198.0
65,0xa4c8d9e4ec5f2831701a81389465498b83f9457d,192.0
66,0xef6af01be706df2e3d1dc66f8ae360c913f49a74,153.0
67,0xec7641e298af02c19171451381c570327389b0c2,200.0
68,0x3dbdf1a202d21aac3309d91dacfcef84b8873f7a,204.0
69,0x020ca66c30bec2c4fe3861a94e4db4a498a35872,313.69
70,0x2573c60a6d127755aa2dc85e342f7da2378a0cc5,0.0
71,0x020ca66c30bec2c4fe3861a94e4db4a498a35872,175.0
73,0x696ed7b26f4b019ceec78dc8b9140ad64a6f354b,201.0
74,0x198ad6c547d20d70f2f656a4f48e6c7cfb7b4325,252.7
75,0xcc8e3600356b62baa44100a5f2e61aa2c7bc68c2,192.0
76,0x696ed7b26f4b019ceec78dc8b9140ad64a6f354b,178.5
77,0x3612b2e93b49f6c797066ca8c38b7f522b32c7cb,200.69
78,0x696ed7b26f4b019ceec78dc8b9140ad64a6f354b,210.0
79,0xea9e9ae3bd4a7f771eec5193c0498f90fe2d53e3,195.0
80,0x2573c60a6d127755aa2dc85e342f7da2378a0cc5,0.0
81,0xeac1c57ea577e480e8a59db6eb05d41ea0716e8b,185.0
82,0xbb34b41d5615c44e2cae4f80a447feb02b636b66,211.82
83,0x43a330dec81bbd5e21f41c6b8354e54d481efc93,160.0
84,0x1e267dc94135ce1bcbc0d840510daf5ae6f34c44,200.0
86,0x370ceca4fc1287ed99924bba76259f6c771a6022,162.0
87,0xa96e4bb2ad4233822d8b64c511a7359d4bc55617,160.0
88,0x0f576fe0a916ca39ee929f0cc956cfc9d2a59c12,229.69
89,0x6f77c19c3d4d741c10ed8c97d897adbd7862d5fd,155.0
90,0x2573c60a6d127755aa2dc85e342f7da2378a0cc5,0.0
91,0xeac1c57ea577e480e8a59db6eb05d41ea0716e8b,146.0
92,0x696ed7b26f4b019ceec78dc8b9140ad64a6f354b,137.7
93,0x38a4d889a1979133fbc1d58f970f0953e3715c26,133.69
94,0x42f3f76ba5202d7a4c48fd428b5613c657689bcc,104.2
95,0xfe2f279d3679bac2d07cf46c93503410ef9ca448,97.69
96,0x3c339ae4cd870596e4ffc313a9a262519e7b08ec,95.0
97,0x1ff2875cd548eeae6d22f26bae2d72a50fd143c7,73.69
98,0xa4c8d9e4ec5f2831701a81389465498b83f9457d,105.77
99,0x43a330dec81bbd5e21f41c6b8354e54d481efc93,232.0
100,0x2573c60a6d127755aa2dc85e342f7da2378a0cc5,0.0
101,0xea287d45502d86bee63293e8ca38678e1d5395fd,80.0
102,0x4680cb63563472cac10236c07d288580d8d7b52a,83.87
103,0x4680cb63563472cac10236c07d288580d8d7b52a,78.23
104,0x696ed7b26f4b019ceec78dc8b9140ad64a6f354b,80.15
105,0x4680cb63563472cac10236c07d288580d8d7b52a,74.18
106,0xfe2f279d3679bac2d07cf46c93503410ef9ca448,71.09
107,0x14dfdd3613054ddb14af2fa51c8a75e17dade764,71.0
108,0x14dfdd3613054ddb14af2fa51c8a75e17dade764,63.47
109,0xaca3b4110403f3c4dacb35a7b3aa0a84efb6a3e9,69.0
110,0x2573c60a6d127755aa2dc85e342f7da2378a0cc5,0.0
112,0x696ed7b26f4b019ceec78dc8b9140ad64a6f354b,82.33
114,0x696ed7b26f4b019ceec78dc8b9140ad64a6f354b,73.33
116,0x021edd67d43b365a6401a5ee704aa6f264f3f4e4,86.66
117,0x83fcfe8ba2fece9578f0bbafed4ebf5e915045b9,69.69
119,0x91dccaa260cc4616e1a6e6b693db7207c5e42937,71.69
120,0x2573c60a6d127755aa2dc85e342f7da2378a0cc5,0.0
121,0xeac1c57ea577e480e8a59db6eb05d41ea0716e8b,53.0
122,0xeac1c57ea577e480e8a59db6eb05d41ea0716e8b,41.0
123,0x5382859146010ac16e142b6708f8e178e77f66bc,67.5
124,0xa15279215e2adb0d6abc2874f040d0800a1d9b8e,41.3
125,0x5382859146010ac16e142b6708f8e178e77f66bc,40.0
126,0xf504211d774c9b7d4c61959d6fe773d250a44dcf,44.44
127,0x4680cb63563472cac10236c07d288580d8d7b52a,24.2
128,0x5382859146010ac16e142b6708f8e178e77f66bc,45.38
129,0xcda92962a2fb878ac25548861d38420fd42e4676,69.0
130,0x2573c60a6d127755aa2dc85e342f7da2378a0cc5,0.0
131,0xf548e317e87434b1657f84dd57dea0c9d31b502f,53.75
132,0x5382859146010ac16e142b6708f8e178e77f66bc,54.77
133,0xfcbca52b23db28470eb97680d18e988d8b60b608,62.89
137,0x36a5bc205df1ed65c86301022cfc343a6ce546ff,49.0
138,0x98d0ef0bb5a3908b6b3942e838ea40161dae555d,39.28
140,0x2573c60a6d127755aa2dc85e342f7da2378a0cc5,0.0
141,0x81974c1a09e53c5129c6e4f74e547fda0adf4d2d,46.5
142,0x5382859146010ac16e142b6708f8e178e77f66bc,33.66
145,0x1977c4b06a76c160eff920c67fbc0635124364c8,34.38
146,0x6924686b3dcd04ae8ef91a3feccc262d020f519d,40.34
147,0xf476cd75be8fdd197ae0b466a2ec2ae44da41897,44.44
148,0xd879600d6e58ed385c9af4cad15bdf78a58889ae,37.46
149,0x4754b7e3dede42d71d6c92978f25f306176ec7e9,49.25
150,0x2573c60a6d127755aa2dc85e342f7da2378a0cc5,0.0
151,0x4754b7e3dede42d71d6c92978f25f306176ec7e9,63.7
152,0xf0d6999725115e3ead3d927eb3329d63afaec09b,65.69
153,0x4754b7e3dede42d71d6c92978f25f306176ec7e9,38.0
154,0x4754b7e3dede42d71d6c92978f25f306176ec7e9,51.0
156,0x008c84421da5527f462886cec43d2717b686a7e4,49.69
157,0x008c84421da5527f462886cec43d2717b686a7e4,48.84
158,0x4754b7e3dede42d71d6c92978f25f306176ec7e9,54.0
159,0xf476cd75be8fdd197ae0b466a2ec2ae44da41897,69.0
160,0x2573c60a6d127755aa2dc85e342f7da2378a0cc5,0.0
162,0x5382859146010ac16e142b6708f8e178e77f66bc,45.91
163,0x4754b7e3dede42d71d6c92978f25f306176ec7e9,56.57
164,0xc3bb8481be69bbacd14ed278ea219eb0f19748ac,61.2
165,0xf0d6999725115e3ead3d927eb3329d63afaec09b,65.69
166,0x696ed7b26f4b019ceec78dc8b9140ad64a6f354b,41.44
167,0xd3e2e76e4ab0322614fe7aaa3be0b04bed83d0d0,49.99
168,0xa4c8d9e4ec5f2831701a81389465498b83f9457d,72.11
169,0xb337fa1974319076ca9758b7d919b601a94146cd,41.73
170,0x2573c60a6d127755aa2dc85e342f7da2378a0cc5,0.0
171,0xa422bfff5daba6eeefaff84debf609edf0868c5f,55.0
172,0xb47a70df538b9a3b591bc5d75da66a04c879b291,55.0
173,0xf476cd75be8fdd197ae0b466a2ec2ae44da41897,67.0
174,0x17cd072cbd45031efc21da538c783e0ed3b25dcc,57.83
175,0x1a13c53d516f6e8321e9903f224861e74bbd7aa0,67.0
176,0x5c503df9051b1dbb941f3046cb293c97d7cef4ad,67.63
177,0x696ed7b26f4b019ceec78dc8b9140ad64a6f354b,99.99
178,0xa4e232fceedb3f43c8e707f8cf20b6bcf30f10e1,54.0
180,0x2573c60a6d127755aa2dc85e342f7da2378a0cc5,0.0
181,0x020ca66c30bec2c4fe3861a94e4db4a498a35872,102.69
182,0xd0fc5e75a956145be23a5af7402feb05f03c92b6,98.88
183,0x88a83a7736941e78b55dcc29d0b04d0910f103e2,62.0
184,0x020ca66c30bec2c4fe3861a94e4db4a498a35872,103.0
185,0x4754b7e3dede42d71d6c92978f25f306176ec7e9,66.69
186,0x545854092877ef2f9f8a609aeeb9f5218e5cd2d5,88.88
187,0xbdf82063aed5b3765e9443dd0b252a09197b586a,76.0
188,0xac92c1e1eb0bf38e15b5de44d12d1a6da35f1338,91.0
189,0x73222225044ce0fc672ff9b6f9730d0a0421382c,89.89
190,0x2573c60a6d127755aa2dc85e342f7da2378a0cc5,0.0
191,0xb054e7683f26273b4ba7454df9a71c578506aa01,87.72
192,0xb9ec6c2ff236f28cd89d8f111272705e85a4fb6f,88.88
193,0x4680cb63563472cac10236c07d288580d8d7b52a,77.6
194,0x1e32a859d69dde58d03820f8f138c99b688d132f,90.0
195,0x91ed17f7e63ffc18fe5159927002e7b2ff81e1f5,101.99
196,0x4754b7e3dede42d71d6c92978f25f306176ec7e9,70.0
197,0xc67c60cd6d82fcb2fc6a9a58ea62f80443e32683,120.69
198,0xd4b3f2f975da42c36cf17db59f9344c722ea82f6,85.0
199,0x696ed7b26f4b019ceec78dc8b9140ad64a6f354b,99.99
200,0x2573c60a6d127755aa2dc85e342f7da2378a0cc5,0.0
201,0x8eb53275d790b23923e44a45f32203262e523d4d,85.0
202,0x052564eb0fd8b340803df55def89c25c432f43f4,95.0
203,0x51787a2c56d710c68140bdadefd3a98bff96feb4,118.0
204,0x4754b7e3dede42d71d6c92978f25f306176ec7e9,79.0
205,0x47b78acc6d29428f128eb04b467d316e548e4b89,103.1
206,0x696ed7b26f4b019ceec78dc8b9140ad64a6f354b,95.0
208,0x696ed7b26f4b019ceec78dc8b9140ad64a6f354b,100.0
209,0x07972274105f6c7921515495b3189500fbf49d99,89.0
210,0x2573c60a6d127755aa2dc85e342f7da2378a0cc5,0.0
211,0x4c00f62943546975354d3460d1759189460b44e7,109.69
212,0x8266a38fae251cce7b11f86cb548fcab03bebfca,70.3
213,0x56178626332fc530561535eeaa914b863aa455f2,78.62
214,0x4754b7e3dede42d71d6c92978f25f306176ec7e9,93.0
215,0xc1b19635abfd6c454c0b074383503c3fe561aee1,82.83
216,0xaf05abcfe204f9c2e5e5cdf83e485f7f72eb0e9f,72.4
218,0x4754b7e3dede42d71d6c92978f25f306176ec7e9,73.0
220,0x2573c60a6d127755aa2dc85e342f7da2378a0cc5,0.0
221,0xa1c8f8f481076a5c203f134b0a06ee9817f10281,53.0
222,0xb5870339663d8a79db881ee168f77d7835b2e721,50.69
223,0xd3e2e76e4ab0322614fe7aaa3be0b04bed83d0d0,53.33
224,0x008c84421da5527f462886cec43d2717b686a7e4,56.69
225,0x900692990c689fcb7c35ea01571f7ecc7d93e7e4,59.99
226,0xd3e401814d1faa8ca0419ecccbfee93ac7b15b31,66.66
227,0xd6406c9838e1423d14a6dfc1bfd6a1c307608da3,60.35
229,0x020ca66c30bec2c4fe3861a94e4db4a498a35872,48.0
230,0x2573c60a6d127755aa2dc85e342f7da2378a0cc5,0.0
232,0xf7571cd2fc4703f348a750193a665e9d0a51ba81,75.0
233,0x8e71c9644898665a91e4db3dee8bdde97b3c71bc,45.29
234,0x1a1f337faa595a3603b4a3e67776150e7883954d,48.0
235,0x8e71c9644898665a91e4db3dee8bdde97b3c71bc,48.0
237,0x7bee754c1b75917cadc51e23f69304419970b04f,54.84
238,0x2c6941d2174212656a512c7ab9e86e16ceaa6359,64.74
239,0x696ed7b26f4b019ceec78dc8b9140ad64a6f354b,51.0
240,0x2573c60a6d127755aa2dc85e342f7da2378a0cc5,0.0
241,0x717a578e4a157ea52ee989be75f15957f294d1a9,59.69
242,0x96342f72f2d51027347cba749e852a3e6518e1a9,57.5
243,0xaf05abcfe204f9c2e5e5cdf83e485f7f72eb0e9f,64.95
244,0xf8a065f287d91d77cd626af38ffa220d9b552a2b,84.9
245,0x696ed7b26f4b019ceec78dc8b9140ad64a6f354b,65.0
246,0xa02a1ab39ef37b7d860d7a791661703023389149,58.88
247,0x1984edf70973e1389548f21cd0dcb15b408240c9,72.23
248,0x5ca6a2e5f53a48616d4ead87ff6034fc032d4722,66.97
249,0x020ca66c30bec2c4fe3861a94e4db4a498a35872,70.88
250,0x2573c60a6d127755aa2dc85e342f7da2378a0cc5,0.0
251,0x696ed7b26f4b019ceec78dc8b9140ad64a6f354b,81.69
254,0xf8a065f287d91d77cd626af38ffa220d9b552a2b,53.0
255,0x6b6ae848f555f70944bc99d736fe29fcaecf8b23,63.0
256,0x4b25d8ba0910f41ceb3fe2ba48d3082ed12cd8e3,69.0
257,0x0ccc9f78b7b7ae40f9370697f0ae26997411d398,58.75
258,0xa94181f3fbc5dc4c74f550b568318227d8a454a0,63.25
260,0x2573c60a6d127755aa2dc85e342f7da2378a0cc5,0.0
262,0xf77b133b0260e3fd7c2ad4eac36ee8828e0560d3,44.57
264,0x64e9cd118aa8d45c20efeeefd68679372f5e48dc,58.0
265,0x6a6f20961aaaba280500298c4fd44187c38a9386,62.0
266,0x6414258ee299b740c19a11b938afe30a373d1afd,89.69
268,0xf6b6f07862a02c85628b3a9688beae07fea9c863,64.27
269,0xf8a065f287d91d77cd626af38ffa220d9b552a2b,60.0
270,0x2573c60a6d127755aa2dc85e342f7da2378a0cc5,0.0
271,0x181e1d0974ffaf070e8f3c458c1df0432bd936c7,53.0
272,0xf6b6f07862a02c85628b3a9688beae07fea9c863,55.1
273,0x90a9d3661b1963bc33ccf4d55d663df5856c1126,61.0
274,0x90a9d3661b1963bc33ccf4d55d663df5856c1126,65.0
275,0xf0ae4f60a4dc379ae25371a34b4b699dee8d530f,73.69
276,0xd9b449335ab3efe0b2481f19a2dcdf75fa8b29ca,76.69
277,0x4754b7e3dede42d71d6c92978f25f306176ec7e9,70.0
278,0x90a9d3661b1963bc33ccf4d55d663df5856c1126,63.0
279,0x90a9d3661b1963bc33ccf4d55d663df5856c1126,62.0
280,0x2573c60a6d127755aa2dc85e342f7da2378a0cc5,0.0
281,0x90a9d3661b1963bc33ccf4d55d663df5856c1126,70.0
282,0x90a9d3661b1963bc33ccf4d55d663df5856c1126,82.0
283,0x41a7a1f43a1701d73524f32b9f51b353ed133a8d,79.99
284,0x4754b7e3dede42d71d6c92978f25f306176ec7e9,67.0
285,0x4754b7e3dede42d71d6c92978f25f306176ec7e9,69.42
286,0x4754b7e3dede42d71d6c92978f25f306176ec7e9,75.17
287,0x4754b7e3dede42d71d6c92978f25f306176ec7e9,75.0
288,0x7fa020f063b3a06153ed755cee5923039efb86a3,69.69
289,0xf6b6f07862a02c85628b3a9688beae07fea9c863,99.62
290,0x2573c60a6d127755aa2dc85e342f7da2378a0cc5,0.0
291,0xd049b3064990869c9f73bd7896271d83325d2067,78.55
292,0x4754b7e3dede42d71d6c92978f25f306176ec7e9,73.0
293,0x89cbb15c7ab08a39328b0e3ddf8cffa8d7c50899,84.5
294,0xf6b6f07862a02c85628b3a9688beae07fea9c863,91.0
295,0x2f8334822c7362f3d80fe731d3962d582d25bf5b,105.06
296,0x4754b7e3dede42d71d6c92978f25f306176ec7e9,85.0
297,0x231a07c825f052b895de5fd1513ce40d18e14af5,105.0
298,0x4754b7e3dede42d71d6c92978f25f306176ec7e9,81.0
299,0x4754b7e3dede42d71d6c92978f25f306176ec7e9,80.0
300,0x2573c60a6d127755aa2dc85e342f7da2378a0cc5,0.0
301,0x4754b7e3dede42d71d6c92978f25f306176ec7e9,79.0
302,0xf8a065f287d91d77cd626af38ffa220d9b552a2b,84.92
303,0x64e9cd118aa8d45c20efeeefd68679372f5e48dc,88.6
304,0xf6b6f07862a02c85628b3a9688beae07fea9c863,82.0
305,0xf6b6f07862a02c85628b3a9688beae07fea9c863,77.0
306,0xf6b6f07862a02c85628b3a9688beae07fea9c863,80.0
307,0xf6b6f07862a02c85628b3a9688beae07fea9c863,160.0
308,0xf6b6f07862a02c85628b3a9688beae07fea9c863,67.0
309,0xf6b6f07862a02c85628b3a9688beae07fea9c863,76.0
310,0x2573c60a6d127755aa2dc85e342f7da2378a0cc5,0.0
312,0x1bde33dbc5c2ac7109c4a7ecf0d0a0a6cd6f57cc,77.21
313,0x3d209a7ddebd2ac83b5e6681d997bdf04d1b9b6b,83.69
314,0x4754b7e3dede42d71d6c92978f25f306176ec7e9,80.0
315,0xf6b6f07862a02c85628b3a9688beae07fea9c863,73.0
316,0x2debdf4427ccbcfdbc7f29d63964499a0ec184f6,215.0
317,0xf6b6f07862a02c85628b3a9688beae07fea9c863,82.63
318,0x231a07c825f052b895de5fd1513ce40d18e14af5,144.0
319,0xc46db2d89327d4c41eb81c43ed5e3dff111f9a8f,92.5
320,0x2573c60a6d127755aa2dc85e342f7da2378a0cc5,0.0
321,0xf6b6f07862a02c85628b3a9688beae07fea9c863,85.55
322,0xa8d04cd4e1951291740ef977d56336fdc7f394c5,98.17
323,0xb4df3b128d7e4d7eb374e155fb40bbdef20e8068,99.0
324,0x231a07c825f052b895de5fd1513ce40d18e14af5,102.0
325,0x920d5e8a6d314cd59eb5d9faf526fa7b24e127fa,88.0
326,0x347b43a9f6e5ef282c93005308b4bc45b79f5e61,117.93
327,0x3250e201c2eb06d086138f181e0fb6d1fe33f7d1,125.0
328,0x2de14db256db2597fe3c8eed46ef5b20ba390823,98.69
329,0xc46db2d89327d4c41eb81c43ed5e3dff111f9a8f,103.37
330,0x2573c60a6d127755aa2dc85e342f7da2378a0cc5,0.0
331,0x4754b7e3dede42d71d6c92978f25f306176ec7e9,95.8
333,0xa8d04cd4e1951291740ef977d56336fdc7f394c5,117.3
334,0xf6b6f07862a02c85628b3a9688beae07fea9c863,117.82
335,0x67954ac510255b6b3724073022196b67bdf260b6,143.82
336,0x4754b7e3dede42d71d6c92978f25f306176ec7e9,84.0
337,0xf6b6f07862a02c85628b3a9688beae07fea9c863,120.0
338,0x67954ac510255b6b3724073022196b67bdf260b6,132.6
339,0x7fa020f063b3a06153ed755cee5923039efb86a3,95.0
340,0x2573c60a6d127755aa2dc85e342f7da2378a0cc5,0.0
341,0x717541ecec745b1996a293a0e663f2aed2340f1a,95.53
342,0x583885492b1ac55e6633cdd89d03939033c96bf8,114.0
343,0x7fa020f063b3a06153ed755cee5923039efb86a3,95.0
344,0x1337f7970e8399ccbc625647fce58a9dada5aa66,85.0
345,0x7fa020f063b3a06153ed755cee5923039efb86a3,90.0
346,0xfe0875e12958a019dea15a795c22845179749f50,150.0
347,0xa68fdb0c7ecdc404637c5c06bab82a7bf00609f3,128.0
348,0x2f2f237d2e655cc0a6f6fef761e5aef13087e71f,106.5
349,0x7b5db6d63f4552b15b20dd16279e9892fdd1b541,100.0
350,0x2573c60a6d127755aa2dc85e342f7da2378a0cc5,0.0
351,0x7fa020f063b3a06153ed755cee5923039efb86a3,95.0
352,0x4754b7e3dede42d71d6c92978f25f306176ec7e9,103.1
353,0x184e237b72665d359ff1e9a2ee98d1a7a16ee2e1,100.0
354,0x7dd5b92716542ab2442030df6d87cec437a51ded,92.0
355,0xf476cd75be8fdd197ae0b466a2ec2ae44da41897,125.0
356,0xe1e959800a8ec49eacc0d9f953d917d425163088,113.0
357,0xf6ea6de3b28e284eec682c4e64d43503f44228f1,100.0
358,0x74e2560995ba0b3e27539cea74d40b784f54689c,115.0
359,0xd427d5adfc70eb18a6714086bb6dd74a7b8d02be,115.0
360,0x2573c60a6d127755aa2dc85e342f7da2378a0cc5,0.0
361,0x7fa020f063b3a06153ed755cee5923039efb86a3,100.0
362,0xf6b6f07862a02c85628b3a9688beae07fea9c863,113.8
363,0x7fa020f063b3a06153ed755cee5923039efb86a3,99.69
364,0x7bee754c1b75917cadc51e23f69304419970b04f,104.0
365,0x50664ede715e131f584d3e7eaabd7818bb20a068,120.0
366,0x36a43344039e8d4341bc66ab3a97ef355fa9ed59,112.2
367,0x2e32935bfd5b2718f99bc8fdf8b37c16811f7d97,113.22
369,0x5c4fe960950ba0e09a72869c3d51fe70f07580e0,111.0
370,0x2573c60a6d127755aa2dc85e342f7da2378a0cc5,0.0
373,0xb47a70df538b9a3b591bc5d75da66a04c879b291,130.0
374,0xf6b6f07862a02c85628b3a9688beae07fea9c863,99.88
375,0x4e142fe48c71092e78be1f1082fa8ce0cb15c354,106.08
376,0xf6b6f07862a02c85628b3a9688beae07fea9c863,102.0
377,0x40d775827365ae4d54cbc08a1a1c4f586b2c1d0a,109.69
378,0x14ae8100ea85a11bbb36578f83ab1b5c1cfdd61c,109.35
380,0x2573c60a6d127755aa2dc85e342f7da2378a0cc5,0.0
381,0x4754b7e3dede42d71d6c92978f25f306176ec7e9,101.0
382,0xf627e5f4bad95a956468d8bb6ee20b119f992e96,102.71
385,0x91dccaa260cc4616e1a6e6b693db7207c5e42937,106.9
386,0xab9a363e67f8aa7e55bb27957f2c40f14fa713b6,106.9
387,0x7fa020f063b3a06153ed755cee5923039efb86a3,95.0
388,0xf6b6f07862a02c85628b3a9688beae07fea9c863,80.0
389,0xcf6165e56c3383978f6eaaf58b314af41569c0f0,103.02
390,0x2573c60a6d127755aa2dc85e342f7da2378a0cc5,0.0
391,0x4754b7e3dede42d71d6c92978f25f306176ec7e9,83.7
392,0x4754b7e3dede42d71d6c92978f25f306176ec7e9,86.7
393,0x66d5527411d821cb513f2d214bbbc0ad73586b35,94.2
394,0x6461f575da2371bb16210e936de5ee1cfb28f10d,77.94
396,0x4754b7e3dede42d71d6c92978f25f306176ec7e9,85.7
397,0x7313fbf9ee7cfaada3b61bc9b52e9fce4d461ae3,86.39
398,0x4754b7e3dede42d71d6c92978f25f306176ec7e9,85.8
399,0xf627e5f4bad95a956468d8bb6ee20b119f992e96,92.23
400,0x2573c60a6d127755aa2dc85e342f7da2378a0cc5,0.0
401,0xdbef9c83d5a6b8f9662d22e38db2a4eb1d70569a,95.32
402,0xf7571cd2fc4703f348a750193a665e9d0a51ba81,85.0
403,0x4754b7e3dede42d71d6c92978f25f306176ec7e9,79.4
404,0xf8a065f287d91d77cd626af38ffa220d9b552a2b,81.09
406,0x8e71c9644898665a91e4db3dee8bdde97b3c71bc,81.48
408,0x99f28ce20b3f102b753182631ef657bcf41da66c,77.77
409,0x79f08f2e75a8c99428de4a2e6456c07c99e55da5,82.0
410,0x2573c60a6d127755aa2dc85e342f7da2378a0cc5,0.0
411,0xfe00888ff72e11b00437a13ff96965b44cbf7d47,76.28
412,0xbb367b95c4e118b872ebaa64734b2fcfa5c252ef,76.69
413,0x3496f3600070cc01d9665d1057f6f39afc0fe149,69.69
414,0xf6b6f07862a02c85628b3a9688beae07fea9c863,61.2
415,0x1d3bc1f9d3f9770453949abd619592cd7583c5ed,65.0
416,0x141b63d93daf55bfb7f396eee6114f3a5d4a90b2,63.36
417,0x09fde2eda4d2bc32171ff41d7a7345ca3acd8c74,61.2
418,0x4754b7e3dede42d71d6c92978f25f306176ec7e9,77.4
419,0x6924686b3dcd04ae8ef91a3feccc262d020f519d,61.1
420,0x2573c60a6d127755aa2dc85e342f7da2378a0cc5,0.0
421,0x4754b7e3dede42d71d6c92978f25f306176ec7e9,61.2
422,0x4754b7e3dede42d71d6c92978f25f306176ec7e9,63.3
423,0x1ff2875cd548eeae6d22f26bae2d72a50fd143c7,67.69
424,0x4754b7e3dede42d71d6c92978f25f306176ec7e9,65.3
425,0x42769d446578fba67755bcb7aa1c319df95493b6,67.0
426,0x41e72d30c967a595cc2c7dbc9e1ed98638f3b8c8,61.5
427,0x3744cf362c21d4b9abe06d446295374772174d5d,72.43
428,0x20674aa04807c509bfe2431cd31f1420b0efe40f,66.99
429,0xb636fca45708a202bcae257070bace4a791623d2,74.97
430,0x2573c60a6d127755aa2dc85e342f7da2378a0cc5,0.0
431,0xe17956ded34b710a88971d68fe0f2b17e4b9f823,70.79
432,0x8cd2dbc6d22e2dbf2be7a78fee596fe46a6bdcf4,77.09
434,0xb340f8fe707da852abdc7011c45cf90270fee37a,78.1
435,0x0d003e503bcd6fe83b8fc54c692d16eb9400f211,77.09
436,0xc7038f7692db8fede650f37aa18d789d567af9a6,68.6
438,0xaa4d26e59c407374723313bd97ccf17c42bd4865,73.04
439,0xd2ef6bd0ab75fb5b38e74f69445da51d9fa8200f,72.63
440,0x2573c60a6d127755aa2dc85e342f7da2378a0cc5,0.0
441,0x4754b7e3dede42d71d6c92978f25f306176ec7e9,70.7
442,0xb50bdbfe65b6650397404d8a6d972418be93ac89,69.26
443,0x85f935fe6f380ee8f9f78a1d0f2a7625ee18a243,69.42
444,0x6525c002b80ae9f2431883d3a6274c0d4af5ed7c,65.56
445,0x4754b7e3dede42d71d6c92978f25f306176ec7e9,70.38
446,0xc37e20254cdeeeae9ca11bb0751d6114c97fd519,68.72
448,0xf6b6f07862a02c85628b3a9688beae07fea9c863,62.0
449,0xe7304ba0f157f2ade94015934284b6704bc72911,72.69
450,0x2573c60a6d127755aa2dc85e342f7da2378a0cc5,0.0
451,0x4afd76ec6a55f24873bc6e93beac08b882501a6f,78.5
452,0x566d5349cb5e0aace71a1f09cd2c141cce291d70,72.09
454,0x7b7736a2c07c4332ffad45a039d2117ae15e3f66,69.42
458,0x9cd2f95792660df4b9ca46c9a78472d9e7344667,63.72
459,0xf6b6f07862a02c85628b3a9688beae07fea9c863,50.0
460,0x2573c60a6d127755aa2dc85e342f7da2378a0cc5,0.0
461,0x4754b7e3dede42d71d6c92978f25f306176ec7e9,64.17
462,0xe1c2485b18d7491d4e1d1034296171dc01128d20,60.56
463,0x4754b7e3dede42d71d6c92978f25f306176ec7e9,56.52
465,0x4754b7e3dede42d71d6c92978f25f306176ec7e9,57.23
466,0xf6b6f07862a02c85628b3a9688beae07fea9c863,58.04
467,0x36ab5220c885f4dbe0dad2ecb88d57d363a590ae,56.94
468,0x9979d204e93229c4355431dfb520e608c81bbd0c,60.0
469,0x24f729d1fd3152c14d383007f1da318405379e54,60.18
470,0x2573c60a6d127755aa2dc85e342f7da2378a0cc5,0.0
471,0x75182ab9bea2966bdf3eacbbc2cefba953474c65,56.69
473,0x10ec976c862a0e48c932fb53b5c542b5cbb13cf1,48.56
474,0xab6a4b6720fd6ab349fd394ce5028730877593a9,51.0
475,0x83fcfe8ba2fece9578f0bbafed4ebf5e915045b9,42.0
477,0xf6b6f07862a02c85628b3a9688beae07fea9c863,40.0
478,0xf6b6f07862a02c85628b3a9688beae07fea9c863,35.0
479,0xf6b6f07862a02c85628b3a9688beae07fea9c863,46.91
480,0x2573c60a6d127755aa2dc85e342f7da2378a0cc5,0.0
481,0xf6b6f07862a02c85628b3a9688beae07fea9c863,42.87
482,0xa3c355571288158c4f7573781f9780269233a772,52.73
483,0xf6b6f07862a02c85628b3a9688beae07fea9c863,43.52
484,0xf6b6f07862a02c85628b3a9688beae07fea9c863,48.12
485,0x81b9a5f21efdb5df0210471b9a94e0d4ad9951ed,49.12
486,0xf6b6f07862a02c85628b3a9688beae07fea9c863,42.23
487,0xf6b6f07862a02c85628b3a9688beae07fea9c863,52.79
488,0xf6b6f07862a02c85628b3a9688beae07fea9c863,44.58
490,0x2573c60a6d127755aa2dc85e342f7da2378a0cc5,0.0
491,0x980a89e33a3b719d4540b11be0ae2d7d713634f7,57.0
492,0x67954ac510255b6b3724073022196b67bdf260b6,49.58
493,0x4754b7e3dede42d71d6c92978f25f306176ec7e9,47.0
494,0x73496bc1708b16d16a5c11bab356817954df2b05,44.99
495,0xf2aa12e97952358103dadf876a36fd3160eb0ea0,45.6
496,0x6414258ee299b740c19a11b938afe30a373d1afd,55.0
497,0x6ea1a1ff942117312c2236cb3bfbba2c698b659b,49.5
498,0x76c14c862a67563f043e0f42bc68e10422a4f83a,45.0
499,0x4754b7e3dede42d71d6c92978f25f306176ec7e9,42.5
500,0x2573c60a6d127755aa2dc85e342f7da2378a0cc5,0.0
501,0x55b0a25d697647281553a177321dad0a0bf9a148,40.01
502,0x4754b7e3dede42d71d6c92978f25f306176ec7e9,37.3
503,0x2478709280e8539da2527534f74f46ce053ae093,45.9
504,0x7d544a853dbcd39a53315e7002f4951a6d2f080d,45.0
505,0xb20d2b98151c4ff141a4ea1b4adce2964ea99af7,45.48
508,0xcc7344a557cdb86f7c713527c05eaf7906e1abab,35.05
509,0xdf4db131999a911921b1b5f0422aa39030eb4b92,37.56
510,0x2573c60a6d127755aa2dc85e342f7da2378a0cc5,0.0
511,0x5b4dd6c7d49163f84c15008d0dc7131c4c4e5266,35.0
512,0xcc7344a557cdb86f7c713527c05eaf7906e1abab,34.68
515,0x6dbd6a29aee4a273c5178dae7c48bc3d3deb1d7d,35.03
516,0x3dd48ad861f0b77d1312f9c95a13e52871ca95e0,30.18
517,0x6c12de0b0c430e729b0a1f547885fc0db735138e,33.58
518,0xf3d3c4532308241a4e5275a268ce4e5ed787a95d,37.53
519,0x3b502b054715a8e0d8f657169615a88b2ccdd429,31.62
520,0x2573c60a6d127755aa2dc85e342f7da2378a0cc5,0.0
521,0xaec4075e4fc8ce829bc4f0cfd5e2fa10dd2b12d1,32.33
522,0x3dd48ad861f0b77d1312f9c95a13e52871ca95e0,30.6
524,0xe4dda14480e066223a9c1e01e2fe086ba4fc71d2,26.42
525,0x5d837276ec1ddcbfe3f85d9414dffe4b641ebaff,28.5
526,0xaec4075e4fc8ce829bc4f0cfd5e2fa10dd2b12d1,30.07
527,0x81790453078a15256ba3fff8997ae0d0b52924fa,39.47
529,0x2ef9834de85f62f36fe39cb3387d30469762ad1b,27.0
530,0x2573c60a6d127755aa2dc85e342f7da2378a0cc5,0.0
531,0xfa4fc4ec2f81a4897743c5b4f45907c02ce06199,27.0
532,0xd894c509f900982bc25e7ee665449d9b8b208d8a,32.0
533,0x5eea118e75f247014c6d0e990f02a0c254edc852,30.18
536,0x0fe61de274aed1803e66ba1b863d966079cb9116,32.03
537,0xfa4fc4ec2f81a4897743c5b4f45907c02ce06199,29.3
540,0x2573c60a6d127755aa2dc85e342f7da2378a0cc5,0.0
541,0xbff36a27ceca3cfa4930da9b446c3f98bf899426,32.62
542,0x73222225044ce0fc672ff9b6f9730d0a0421382c,30.69
543,0x3b502b054715a8e0d8f657169615a88b2ccdd429,30.2
544,0x90ff3e82dbfd3179793ca4453881cc2a51512a33,31.55
545,0xe969f33397633ef579a4b64fdc46c33034651d9f,34.5
547,0xfea2bf9ccadb6fe6260d674d904c51a31a658105,33.66
548,0xf9c298545da80df7767c4e5a9296a071f13702b8,36.25
549,0x7b52af8238dc3b01559557f584e99b225db543eb,31.62
550,0x2573c60a6d127755aa2dc85e342f7da2378a0cc5,0.0
551,0x4ad19b4df971584ce9b1fad1d16c8f145b386268,36.45
552,0xbb0498661ea0b74b54219d4d1e9e08b3c73ae113,29.41
554,0xbab0c5d4ca403d63c808480da65be8b3a90f15b3,32.23
555,0xe73f9c181b571cac2bf3173634d04a9921b7ffcf,37.0
557,0x81eaca3eb49d3aff173efd1a8eaeff5e1dea00d6,29.33
560,0x2573c60a6d127755aa2dc85e342f7da2378a0cc5,0.0
562,0xbe007333bd094664c8d3ddcac8801387da800b30,29.38
565,0x1d3bc1f9d3f9770453949abd619592cd7583c5ed,32.5
566,0x0478faec5bb44c02c3be28181de4d565ab139bbc,34.73
567,0xa0c5ef87e5f88e8ff8dab67af96a1328ba7d8c28,48.88
568,0xbfd8cba6a1e10e1ab4fa11a0062f4e52e13d260f,36.0
570,0x2573c60a6d127755aa2dc85e342f7da2378a0cc5,0.0
571,0x88f09bdc8e99272588242a808052eb32702f88d0,31.0
572,0x2478709280e8539da2527534f74f46ce053ae093,33.66
573,0x2478709280e8539da2527534f74f46ce053ae093,37.23
574,0x577ff1df8c33f95c6180bcd7b56251a9d1f3422c,34.34
575,0xadfbcde3352965c23dfb79e8bdf92bd43dc20468,39.84
576,0x0c4423f0fce4ff6619dda8b75b1149eca594f880,33.31
577,0xad7bbe006c8d919ffcf6148b227bb692f7d1fbc7,34.68
578,0xad7bbe006c8d919ffcf6148b227bb692f7d1fbc7,33.69
579,0xd64aed4434c5c74917d672ad72f79c48996d2672,30.6
580,0x2573c60a6d127755aa2dc85e342f7da2378a0cc5,0.0
582,0x8ac3ecf6973e020cc0e6e8989fb71b4a77d65987,30.81
583,0xa2113f1e9a66c3b0a75bb466bbbfeeec987ac92e,33.33
584,0xd64aed4434c5c74917d672ad72f79c48996d2672,34.31
585,0x1d3077f87ee7b08217e22f65fbe014ed06e51ddf,34.0
586,0x90ce73cad357e796703df77c5d7762bc06026246,37.21
587,0x2e32935bfd5b2718f99bc8fdf8b37c16811f7d97,30.09
588,0x7b41b76d6c816ba19671c5120e957de9992e7199,34.69
589,0xf566aebc0c9c2388f03461675cc0b3851e0d0e6d,36.21
590,0x2573c60a6d127755aa2dc85e342f7da2378a0cc5,0.0
591,0xf566aebc0c9c2388f03461675cc0b3851e0d0e6d,31.62
592,0xa587ed26f5bd03140f0fe1b8812b5d6a4991e903,36.72
593,0x5606b493c51316a9e65c9b2a00bbf7ff92515a3e,28.0
595,0x90ce73cad357e796703df77c5d7762bc06026246,34.0
596,0xfbf3f340c62d4cbde3e241bc784c840aa3e5e80a,27.66
597,0xd007058e9b58e74c33c6bf6fbcd38baab813cbb6,40.8
598,0xf20c6789e9ec4a6a8ebee1c8e2756631b68e2d3d,30.55
600,0x2573c60a6d127755aa2dc85e342f7da2378a0cc5,0.0
601,0x90ce73cad357e796703df77c5d7762bc06026246,34.65
603,0xf20c6789e9ec4a6a8ebee1c8e2756631b68e2d3d,30.59
604,0x78d32460d0a53ac2678e869eb6b4f6ba9d2ef360,27.65
605,0x2ed22ea03fea3e5bd90f6fdd52c20c26ff6e1300,26.55
606,0x48466bc93df6563c2a638a4be20feca46a1e314e,26.54
607,0xd007058e9b58e74c33c6bf6fbcd38baab813cbb6,51.28
609,0x538c4f2afa012911851dadf0655cb61377e7a8eb,28.42069
610,0x2573c60a6d127755aa2dc85e342f7da2378a0cc5,0.0
611,0x32790dee22bed1916303e2c3f4253fc2cfc0c417,23.2
612,0x7d02e5a16ba38d61ac5eca5c6536f23d09e3add0,32.0
613,0xb556d285dcf5febaff944cb65f9dfe6dee8fb78e,27.63
614,0x5606b493c51316a9e65c9b2a00bbf7ff92515a3e,26.6
615,0xd3db398162a5e177bd093ac231dd28096f72da5e,25.5
616,0x5606b493c51316a9e65c9b2a00bbf7ff92515a3e,27.23
617,0x5606b493c51316a9e65c9b2a00bbf7ff92515a3e,26.54
618,0x7358a259a7bfd03d1430887dad80498328f13c9c,26.52
619,0x5606b493c51316a9e65c9b2a00bbf7ff92515a3e,25.76
620,0x2573c60a6d127755aa2dc85e342f7da2378a0cc5,0.0
621,0x60dad8350bba2b4f2c8fbe5d1c2a25d79a1fc8d5,26.3
622,0x5606b493c51316a9e65c9b2a00bbf7ff92515a3e,25.0
624,0x00cda37bfc3dd20349aa901fe8646688218d8772,26.0
625,0x9482c72cb018ee03d8c23395038b510ed4e6040c,24.44
626,0xb556d285dcf5febaff944cb65f9dfe6dee8fb78e,26.0
627,0x860c72a9c3c10547256f5bdb494f92a9a6b3334c,42.84
628,0x54b174179ae825ed630da40b625bb3c883cd40ae,26.01
629,0xb7b037e83f492750152f25c24547476f0fd7ba31,26.63
630,0x2573c60a6d127755aa2dc85e342f7da2378a0cc5,0.0
632,0x0dbf836cb12b240e4029d4be55ff220f03121742,28.5
633,0x345112915b6a0c6ee7c69644bcef7ac88e48acdb,26.54
